id,name,description,updated_at
1,"Pyramids of Giza","The Great Pyramid, the tomb of King Khufu (c.2589–2566 BC), with its original height of 146.5 meters, was the tallest structure in the world for 3,800 years. It remains the last surviving member of the Seven Wonders of the Ancient World, and took an estimated 10 to 20 years to build. To this day, it is not entirely certain how this was done.

The Great Pyramid is made of local limestone, but its exterior was once entirely covered with high quality limestone. These casing stones were brought from Turah, south of Maadi, by ship. On the inside, the pyramid has three chambers, one cut into the bedrock underneath, and two high up within the masonry itself, a feature that no other pyramid possesses. The sarcophagus in which Khufu was once laid to rest can still be seen in the upper of these two rooms, the King’s Chamber. This room is accessed through the Grand Gallery, a majestic corbelled ascending passage, and a masterpiece of ancient engineering and architecture.

Two large and impressive ships were discovered in pits on the south side of the pyramid in a dismantled state. These are believed to have been used to transport the royal mummy and burial equipment to the tomb.","2026-05-10 15:00:54"
2,"Karnak Temple","Aptly called Ipet‑Sut ‘The Most Select of Places’ by the ancient Egyptians, Karnak was one of the most important sites of all. Located on the east bank of Thebes (modern Luxor), Upper Egypt, it is the site of many temples and chapels, and it was in the Great Temple of Amun that the cult of the god Amun of Thebes was conducted. As such, it was extremely wealthy and its priesthood held great political power.

The line of kings who reunified Egypt after the First Intermediate Period hailed from Thebes. It thus became one of the most important cities, a position that it would continue to hold throughout the majority of ancient Egyptian history. The importance of Amun rose in tandem with the city’s rise to prominence. From the earliest evidence for it from the reign of Intef II (c. 2112–2063 BC) to the Ptolemaic Period (305 BC–30 BC), his temple was accordingly lavished with royal attention in the form construction projects, ritual equipment and other necessities, with some additions in the Roman Period (30 BC–AD 306). Nearly every king who reigned during the New Kingdom (c. 1550–1069 BC), Egypt’s age of empire, left his mark here.

Karnak was in reality a complex of temples, consisting of several zones: In addition to the largest, the Amun Precinct, there are the Precinct of Mut, his wife, to the south; the Precinct of Montu to the north; and, to the east, Akhenaten’s temple to Aten.

Like most ancient Egyptian temples, the Great Temple of Amun is built on an east–west axis. Ancient Egyptian temples were models of the cosmos, and this layout meant that they mirrored the sun god’s trajectory through the sky. Exceptionally, however, it also possesses a north–south axis, which orients it towards another temple, the abode of Amenemopet known today as Luxor Temple. This was a different version of Amun specific to south Luxor. Karnak and Luxor Temple were linked by a processional way lined with sphinxes. This was used in one of the most important celebrations of the ancient Egyptian calendar, the Opet Festival.

In addition to the ancient Egyptians’ mastery of stone, which is evident everywhere in the scale of the monuments, the reliefs covering their walls, and the statues populating them, several highlights are worth mentioning. The temple of Amun’s world‑famous Great Hypostyle Hall is a forest of 134 columns. These massive columns have a height of 15 metres, aside from the larger, central, twelve, which stand 21 metres tall. The hall may have been begun by Amenhotep III (c. 1390–1352 BC; 18th Dynasty), but the bulk of the construction, and all of the decoration, are from the reigns of 19th Dynasty kings Sety I (c. 1294–1279 BC) and his son Rameses II (c. 1279–1213 BC). Two magnificent obelisks stand nearby, the larger of the two, erected by Hatshepsut (c. 1473–1458 BC), standing at a colossal height of almost 30 metres and weighing over 300 tons. At the eastern end of Karnak is the Akh-menu, a temple by Thutmose III (c. 1479–1425 BC) dedicated to the cults of various deities, his royal predecessors, as well as his own cult.

          The enclosure walls of the Amun Precinct also include a full temple to Khonsu in the southwestern corner, next to which is the temple of Opet, a hippopotamus goddess of childbirth, mostly built in the Ptolemaic Period. The beautiful sacred lake, where priests purified themselves before carrying out temple rituals, can still be appreciated today. Many more, smaller, temples and chapels dot the landscape of Karnak, making it a veritable open‑air museum.","2026-05-10 15:02:59"
3,"Abu Simbel Temples","The Great Temple of Abu Simbel, in Nubia near Egypt’s southern border, is among the most awe-inspiring monuments of Egypt. It was cut into the living rock by King Ramesses II (the Great) of the Nineteenth Dynasty, around 1264 BC. The temple is most well known for the four imposing seated colossal statues that dominate its façade. One of these collapsed because of an ancient earthquake, and its fragments can still be seen on the ground.

Colossal standing statues of the king line the main hall, leading to the sanctuary where four deities are sat: Amun Ra, Ra Horakhty, Ptah, and a deified version of Ramesses II. The temple was built with such precision that on two days a year, the 22nd of February and 22nd of October, the sun’s rays enter the temple, cross the main hall, and illuminate the innermost statues.  

Another rock-cut temple to the north, known as the Small Temple, is dedicated to the goddess Hathor and Ramesses II’s Great Royal Wife, Queen Nefertari. On the façade of the Small Temple, her colossi are the same size as those of her husband, a very rare example of such display.

The two temples were moved from their original location in 1968 after the Aswan High Dam was built, as it threatened to submerge them. The relocation was completed thanks to an international effort led by UNESCO, and the temple was admitted into its list of World Heritage Sites in 1979.","2026-05-10 15:04:39"
4,"Citadel of Cairo","The Citadel of Sultan Salah al-Din al-Ayyubi (Saladin) is one of the most iconic monuments in Islamic Cairo, and among the most impressive defensive fortresses dating to the Middle Ages. Its strategic location on the Muqattam Hills gave it a formidable defensive position, and offered, as it still does today, an unrestricted panoramic view of Cairo.

          Sultan Salah al-Din al-Ayyubi was the first to order the construction of a fortress over the Muqattam Hills in (572 AH/ 1176 AD), but it was not completed during his lifetime. This was achieved during the reign of Sultan al-Kamel ibn al-Adel (604 AH/1207 AD) who decided to reside in it, making it the official residence of the rulers of Egypt. In the mid-nineteenth century, Khedive Ismail moved the official residence to Abdeen Palace in downtown Cairo.

          The Citadel witnessed some of the most significant events in Egyptian history from the time it was built to the end of the Muhammad Ali Dynasty, which was in power from the early nineteenth century until the 1952 revolution, when the modern Egyptian republic was born. Many monuments were added to the Citadel over the centuries, providing visitors today with an array of places to visit, such as the Mosque of Muhammad Ali Pasha, which dominates the Citadel. Other places to visit include the mosque of the Mamluk sultan al-Nasir Muhammad ibn Qalawun, the Ottoman-era Sulayman Pasha al-Khadim Mosque, as well as a number of museums such as the Police Museum, Al-Jawhara Palace Museum, and the Military Museum.","2026-05-10 15:05:26"
5,"Hanging Church","This church was known as the” Hanging Church“ because it was built over the ruins of Old Cairo‘s Roman fort, and situated near the Coptic Museum.

          The church is made up of a court divided into four wings separated by three rows of marble columns. A wooden semi-circular vaults covers the main court. The church also contains an inscribed granite baptismal tank and a marble pulpit carried upon ten columns decorated with mosaic. The pulpit dates to the eleventh century AD.

          The east side houses five alters surmounted by wooden domes. The church's ceiling was made to look like Noah's Ark. The Hanging Church is famous for the icons that decorate its walls. The oldest dates to the fifteenth century AD, while most of the rest date to the end of the eighteenth century AD.","2026-05-10 15:12:08"
6,"Catacombs of Kom El Shoqafa","The catacombs of Kom El Shukafa
The Catacombs of Kom El-shokafa which date from the second century A.D are unique both for their plan and for their decoration which is a mixture of Egyptian and Greco-Roman elements . Excavations in the site started in 1892, but the catacombs were not found until 1900 when by mere chance the falling of a donkey drawing a cart in a pit led to their discovery. The tomb consists of three stories cut in the rock, but the lower one gets filled with subsoil water and for this reason most of it has been filled with sand. A staircase (A) goes round a large shaft, down which the dead bodies used to be lowered by rops. The stair ends at the first floor with a vestibule (B) with a semi circular niche on each side. Each niche is fitted with a bench and roofed with a shell. This leads to a rotunda (C) with another large shaft in the middle surrounded by a parapet upon which stand eight pillars supporting the domed roof. At the bottom of the shaft were found five stone heads which were removed to the Museum (Hall 16) and casts of them were made and can be seen on the parapet. To the left of the rotunda is the banquet hall (D) or triclinum, where relatives and friends of the dead could meet on special occasions . Here are cut in the rock three large benches on which they could recline upon mattresses while eating. The tables have disappeared and were probably made of wood. From the rotunda a staircase (E) leads down to the second storey, the main part of the tomb, which consists of a vestibule and a burial chamber. The vestibule(F) has two fine columns with floral capitals and two pilastere with capitals of papyrus and acanthus intermingle, the four support a cornice adorned with a winged solar disk between two falcons and with a kind of denticulated friez. Above the cornice 18 a law arched pediment decorated in the middle with the solar disk. On both sides of the vestibule two niches in the shape of Egyptian door-ways are hewn in the rock with two statues lnelde, one of a woman (to the left) and the other one of a man (to the right). These two statues, except for the heads, were executed according to the rules of Egyptian art.

They are represented standing with one foot in advance to the other and with both hands stretche down on the sides. The woman in clad in a long tight dress which covers the body till just above the feet, while the man wears a kilt. The hair dress of them is typical Roman like those which date from the second century A.D. In the middle of the wall at the back of the vestibule is a door surmounted by a cornice decorated with the winged sun disk and a frieze of urael (cobras). To the right and left of this door, on two pedestals in the form of an Egyptian naos, are two great serpents carved in the relief , wearing the double crown of Upper and Lower Egypt. Each of the two serpents has on one side the pine-cone (Hyrsus), symbol of Dionysus, and on the other the serpent- wand (caduceus), symbol of Hermes. These serpents seem to represent not only Agathodemons (l.e good genii) but also the serpents sacred to the Egyptian gods of the dead Osiris and Isis and to Hermes, the guide of dead in the other world according to Greek mythology. Above the head of each of these two serpents is a head of Medusa on a round shield, intended, no doubt, to frighten and keep the robbers away from the tomb. The burial chamber(G) contains three large recesses on three sides. In each of them a sarcophagus is cut in the rock, complete with its lid. They closely resemble each other, and are decorated with festoons of flowers, masks and bulls-heads. The lids are not separate and bodies were entered from opening in the passage behind. The back wall of the central sarcophagus shows a typical Egyptian scene of mummification; In the middle on a funerary-bed lies the mummy, while the jackal- headed Anubis, god of mummification, stands behind the bed with his right hand on mummy, while the left carries a vase. Underneath the bed are three canopic jars Intended to contain the viscera of the deceased, one has a cover in the shape of a flacon’s head, the second a human head, and the third an ape’s head. At the head of the bed, which takes the shape of a lion`s head stands the lbis –headed Thoth, god of wisdom. He holds in his right-hand avase and in the left a scepter. At the foot of the bed stands the falcon headed god Horus, who holds in his right hand a sceptre and in the left hand a vase. The reliefs on the sides represent, to the right a woman standing, with the sun-disk on her head, sign of deification, up lifting both her hands in the gesture of adoration in front of a priest with two feathers on his head.

He offers her a lotus hud and a cup with a n ewer. Between the two is an altar decorated with lotus flower. The scene to the left represents a man standing, holding something in his right hand and uplifting his left hand in adoration. In front of him stands a lector priest holding a roll of papyrus in both hands. Between the two is an altar decorated with lotus flowers. On the back wall of the niche to the right we see the king standing, wearing the double crown of Upper and Lower Egypt and holding a necklace in both hands which he offers to the sacred bull represented standing on a pedestal with a goddess behind, probably Isis, protecting the bull with her two outstretched wing. The right side represents a mummy standing with the sun-disk on its head, holding a long staff with both hands. In front of it stands a jackal-headed god with the sun-disk on his head holding a long staff with both hands. Between the two is an altar with a vase on it. On the other side, to the left the left, we see the king standing, wearing headdress with the sun-disk encircled by the sacred cobra. His right arm is stretched down to his side, while he offers a feather (symbol of truth)by his left hand to the god standing in front of him, This god, most probably being in the form of a mummy, is represented standing with the sun disk on his head, holding a scepter with both hands. Between the two is an altar adorned with lotus flowers. The scene on the back of the niche on the left hand side is nearly the same as that on the right hand side.

It represents the king who offers a necklace to the sacred bull standing on a pedestal with a goddess behind protecting the bull with her outstretched wings. On the lateral side, to the right, is represented the king standing with the sun disk and cobra on his head holding a long staff with both hands. In front of him the Falcon headed god Horus stands wearing the double crown of Upper and Lower Egypt, holding a long staff with both hands. Between the two is an altar with a vase on it, on the lateral side to the left we see the king standing, wearing a kilt. He offers a feather with his right hand to a god standing in front of him. This god is represented in the shape of a mummy with the sun disk on its head. Between the two stands an altar adorned with flowers. On both sides of the entrance to this burial chamber, on the way out, we see on the right hand side the Egyptian Jakal-headed god Anubis in a military uniform. He is represented standing with the sun disk on his head, holding a long staff with his right hand. On the other side of the entrance, the same god is represented with the lower part of a dragon. These divinities are again a mixture of Egyptian and Greco-Roman form, which makes this tomb a unique example in its kind. Surrounding this part of the tomb are narrow passages with more than 300 loculi in two rows for burial (H), of which those in room (J.) were for the followers of goddess Nemesis. In one of the loculi was found the mummy of a priestess of this goddess with a golden chain round her neck, adorned with the wheel of this goddess and other thin leaves of gold which covered the eyes, the breast, the tongue, the mouth, and even the nails of fingers and toes. We now return to the rotunda (C), and enter, through a breach in the rock, to an entirely different set of tombs. These are lit by a square shaft at the bottom of which stands an altar. They could be reached directly from outside by a staircase hewn in the rock but it is now blocked. This part is called after the Emperor Caracalla because of the bones which were found in it and which were believed to have been the result of the massacre which happened during his visit to Alexandria . But the bones found there belong more to animals, and specially horses, than to human beings. As this part of the tomb was dedicated to Nemesis. Goddess of sports , it is thought that horses which won in races were honoured after their death and buried here under the protection of the goddess.","2026-05-10 15:27:06"
7,"Hurghada Beaches","Crystal-clear Red Sea waters, vibrant reefs, and lively beachfront resorts.","2026-05-09 18:03:18"
8,"Sharm El Sheikh","World-class diving spots, coral-rich bays, and sunny coastal promenades.","2026-05-09 18:03:18"
9,"Dahab Blue Lagoon","Relaxed beach atmosphere, turquoise waters, and adventure-friendly shoreline.","2026-05-09 18:03:18"
10,"Alexandria Corniche","Historic Mediterranean waterfront with sea views, cafes, and city landmarks.","2026-05-09 18:03:18"
11,"El Gouna Marina","A modern coastal lifestyle destination with marinas, lagoons, and beach clubs.","2026-05-09 18:03:18"
12,"North Coast Beaches","Long white-sand shoreline and resort towns ideal for summer escapes.","2026-05-09 18:03:18"
13,"Mastaba Tombs of Saqqara","Located 40 km southwest of Cairo, Saqqara is one of the most important cemeteries of Memphis, which was itself one of the most important cities in ancient Egyptian history. The name of the site most likely derives from the god of this necropolis, Sokar.

 Saqqara is truly an open-air museum, one that has all of ancient Egyptian history on display. Kings and noblemen from the very first two dynasties (c.3040–2686 BC) were buried here, and this is also the location of the Step Pyramid of Djoser (c.2686–2667 BC).     

The pyramids of some of the most important kings of the Old Kingdom Fifth (c.2494–2345 BC) and Sixth (c.2345–2181 BC) Dynasties are located in Saqqara. One of these, the pyramid of Unas (also known as Wenis; (c.2375–2345 BC), features the oldest pyramid burial chamber decorated with texts. These are the so-called Pyramid Texts, the purpose of which was to protect the deceased king on his journey to the afterlife. In addition to Old Kingdom royal burials, Saqqara is also full of the tombs of the noblemen of this period, which are decorated with scenes and texts of outstanding beauty and craftsmanship.

Saqqara also features tombs from the First Intermediate Period (c.2181–2055 BC), Middle Kingdom (c.2055–1650 BC), and New Kingdom (c.1550–1069 BC). The New Kingdom tombs display an architectural style completely different from their Upper Egyptian counterparts in Thebes. Among them is the tomb of none other than Horemheb (c.1323–1295 BC), the non-royal individual, the general, who became king. He was never buried here however, for, upon ascending the throne, he built a new tomb in the Valley of the Kings worthy of his royal rank.

     Among the most important of Saqqara’s monuments is the Serapeum, a series of underground galleries in which the Apis Bulls were buried from the Eighteenth Dynasty (c.1550–1295 BC) to the Ptolemaic Period (332–30 BC). The Apis Bull was considered an incarnation of Ptah himself, one of the most important gods of Memphis, and as such, there was only ever one Apis Bull at a time. When it died, it was buried with full honors until his successor could be found.

     Egypt’s Coptic era is featured in Saqqara as well through the remains of the Monastery of Apa Jeremiah, which was in use until the eighth century AD. Today, Saqqara is also the site of the Imhotep Museum, in which objects from the site’s immense chronological span are displayed.","2026-05-10 15:13:49"
14,"El-Lisht Pyramid Complex","Lisht  is an Egyptian village located south of Cairo. It is the site of Middle Kingdom royal and elite burials, including two pyramids built by Amenemhat I and Senusret I. The two main pyramids were surrounded by smaller pyramids of members of the royal family, and many mastaba tombs of high officials and their family members. They were constructed throughout the Twelfth and Thirteenth Dynasties. The site is also known for the tomb of Senebtisi, found undisturbed and from which a set of jewelry has been recovered. The pyramid complex of Senusret I is the best preserved from this period. The coffins in the tomb of Sesenebnef present the earliest versions of the Book of the Dead.","2026-05-10 15:16:00"
15,"Saqqara Serapeum","The Serapeum at Saqqara is the tomb of the sacred Apis bulls that were associated with the god Ptah, whose cult center was in Memphis. An avenue of sphinxes leads to the Serapeum, which is composed of two long corridors that once housed the mummified remains of the bulls. The tomb was in use from the time of Amenhotep III in the New Kingdom through to the Ptolemaic Period.

Priests selected certain bulls based on their markings and divine birth. The bulls were treated with a lot of privilege during their life. Upon death, the bulls were mummified and placed in sarcophagi in an elaborate celebration.

Inscriptions record many kings who made offerings in the Serapeum. Two sons of Ramses II, Khaem-waset and Meren-ptah, donated several bulls, jewelry and shabtis as princes and High Priests of Ptah.","2026-05-10 15:17:04"
16,"Mosque of Amr ibn al-As","The mosque of ‘Amr ibn al-‘As is the oldest surviving mosque in Egypt and Africa. General ʿAmr ibn al-ʿAs was one of the first companions of the Prophet Muhammad. After conquering Egypt in 20 AH/640 AD, he founded its first Islamic capital, Fustat, which falls within the modern city of Cairo. A year later, by order of the Caliph ‘Umar ibn al-Khattab, he also founded the eponymous mosque of ‘Amr ibn al-‘As, which thus became the new capital’s very first building.

During the early years following the conquest, the mosque served as a place of gathering for Muslim community and ‘Amr’s troops, which at the time remained a minority in Egypt. Several of the Prophet’s companions assisted in the building’s construction, including al-Zubayr ibn al-‘Awam and Ubada ibn al-Samit.

The structure underwent many architectural changes throughout its lifetime, such that very little of the original survives today. What currently stands in Old Cairo is the mosque’s twentieth century reconstruction. However, it remains true to the modesty of Islamic architecture in its earliest form, evolving from a shed with palm-tree columns to the elegant arcade halls that still house prayers to this day.","2026-05-10 15:18:20"
17,"Historic Fustat Ruins","After the Arab conquest in 21 AH/641 AD, Caliph Umar ibn al-Khattab wanted a new capital for Egypt, refusing Alexandria, the former capital city during the Ptolemaic and Roman Periods. Fustat was founded by general ‘Amr ibn al-‘As, making it  Egypt’s first Islamic capital.

The city’s name is derived from the Arabic word for “tent”, named after the camp set up by the army of ‘Amr ibn al-‘As in the future location of the new capital. Al-Fustat’s very first building was the mosque of Amr ibn al-‘As, which is also known as al-‘Atiq ""the Old Mosque.”

Today, al-Fustat is a part of the Old Cairo District. It is one of the most deep-rooted places in Cairo, as it contains many archaeological sites, such as the Synagogue of Ben E'zra, more than seven old churches, the Mosque of ‘Amr ibn al-‘As, the excavated remains of the old city of al-Fustat, the Nilometer on al-Roda island, the palace of al-Manesterley, and Mohammad Ali Palace in al-Manyal.","2026-05-10 15:20:54"
18,"Al-Azhar Mosque","Al-Azhar Mosque  'The Resplendent Congregational Mosque'), known in Egypt simply as al-Azhar, is a mosque in the historic Islamic core of the city of Cairo, Egypt. Commissioned as the new capital of the Fatimid Caliphate in 970 CE, it was the first mosque established in a city that eventually earned the nickname ""the City of a Thousand Minarets"".[b] Its name is usually thought to derive from az-Zahrāʾ (lit. 'the shining one'), a title given to Fatima, the daughter of Muhammad.

After its dedication in 972, and with the hiring by mosque authorities of 35 scholars in 989, the mosque slowly developed into what it is today.

The affiliated Al-Azhar University is the second oldest continuously run one in the world after Al-Qarawiyyin in Idrisid Fes. It has long been regarded as the foremost institution in the Islamic world for the study of Sunni theology and sharia, or Islamic law. In 1961, the university, integrated within the mosque as part of a mosque school since its inception, was nationalized and officially designated an independent university, Al-Azhar Al-Sharif, following the Egyptian Revolution of 1952.

Over the course of its over a millennium-long history, the mosque has been alternately neglected and highly regarded. Because it was founded as a Shiite Ismaili institution, Saladin and the Sunni Ayyubid dynasty that he founded shunned al-Azhar, removing its status as a congregational mosque and denying stipends to students and teachers at its school. These moves were reversed under the Mamluk Sultanate, under whose rule numerous expansions and renovations took place. Later rulers of Egypt showed differing degrees of deference to the mosque and provided widely varying levels of financial assistance, both to the school and to the upkeep of the mosque. Today, al-Azhar remains a deeply influential institution in Egyptian society that is highly revered in the Sunni Muslim world and a symbol of Islamic Egypt.","2026-05-10 15:24:40"
19,"Sultan Hassan Mosque","The Mosque and Madrasa of Sultan Hasan is one of the largest and architecturally exquisite mosques in all of Egypt. It was commissioned by the Mamluk sultan Hasan ibn al-Nasir Muhammad ibn Qalawun sometime between 757 AH/1356 AD and 764 AH/1362 AD, and is located at the end of Muhammad Ali Street, opposite its nineteenth century neighbor al-Rifa’i mosque in Salah al-Din Square.

The mosque consists of an open courtyard with fountain in its centre. The courtyard is surrounded by four iwans (a rectangular space that is open on one side). Doorways at the four corners of the courtyard allow access into four madrasas, educational institutions, where the four Sunni schools of Islamic jurisprudence were taught. Each consists of a court and iwan, in addition to the rooms of the students and annexed service units. The mosque has two minarets built in the Mamluk style. 

          Its proximity to the citadel ultimately resulted in its use as a fort by enemies several times throughout its history, as it was used as a platform to launch attacks on the citadel.

          Like most Islamic monuments in Cairo, this one has also undergone several phases of reconstruction, up until the twentieth century. The mosque and madrasa are distinguished with the ornate domes, stone and plaster carved decorations, as well as the marble works of the mihrab.","2026-05-10 15:25:29"
20,"Muhammad Ali Mosque","The Mosque of Muhammad Ali is located inside the Citadel of Salah al-Din al-Ayyubi (Saladin) in Cairo. It was built by Muhammad Ali Pasha in 1265 AH\ 1848 AD on the site of Mamluk palaces. This mosque is known as the ""Alabaster Mosque"", in reference to its marble paneling on its interior and exterior walls. The mosque’s twin minarets are the highest in all of Egypt, each reaching a height of 84 meters.

The mosque was built on the Turkish style that consists of an open court and prayer hall. The prayer hall is a square space that surmounted with a large central dome which surrounded by four semi-domes and four shallow domes in the corners. There are two minbars (pulpits) inside the mosque. The original of the two is made of wood decorated in green. The other was a later addition made of marble. ​  

The outer open court contains a copper clock tower, which was gifted to Muhammad Ali Pasha by Louis Philippe of France in 1262 AH/1845 AD. Muhammad Ali Pasha reciprocated the gesture with an obelisk of Ramesses II’s (c.1279–1213 BC) that stood in front of Luxor Temple. Today, it stands in the Place de la Concorde Square, Paris.

Limestone is the mosque’s main building material. Its square plan consists of a central dome supported by four half.","2026-05-10 15:28:01"
21,"Saint Sergius and Bacchus Church","The Church of Saint Sergius and Bacchus, also known as Abu Serga, is built upon an ancient Roman fort in Old Cairo. The history of the church is still being debated. Some scholars believe that it dates to the late fourth to early fifth centuries AD, while others believe that it should approximately be dated to 17th century AD.

         This church has acquired a special religious status among Coptic churches because it is associated with the Holy Family's journey through Egypt. It is named after renowned early fourth century AD saints, Sergius and Bacchus, both of whom were martyred at al-Resafa in Syria for their Christian beliefs.

          Like various other early Christian churches, the Church of Abu Serga and its underground cave are designed in the basilica layout, and thus together consist of three parts: the narthex, nave, and sanctuary (the cave being below the sanctuary). The church is characterized by its unique architectural and artistic elements that reflect the spirit of Coptic church architecture in Egypt. These include the pulpit, baptismal font, inlaid ivory and wood templon, and unique religious decoration of the saints and apostles decorating the various domes, walls and columns.","2026-05-10 15:29:06"
22,"Babylon Fortress","Babylon Fortress is an ancient Roman fortress on the eastern bank of the Nile Delta, located in the area known today as Old Cairo or Coptic Cairo. The fortress was built circa 300 AD by Emperor Diocletian in order to protect the entrance to an ancient canal, previously rebuilt by Trajan, that linked the Nile with the Red Sea.

It was at the boundary between Lower and Middle Egypt, where the river craft paid tolls when ascending or descending the Nile. Within the fortress's former enclosure are the present-day Coptic Museum, a convent, and several churches, including the Church of St. George and the Hanging Church.","2026-05-10 15:30:37"
23,"Monastery of Saint Paul","The Monastery of Saint Paul the Anchorite dates to the fourth century AD. It was founded over the cave where Paul lived for more than eighty years. The first travel narrative of the monastery was provided by Antoninus Martyr, a native of Placentia, who visited the tomb of Paul the Anchorite between the years 560 and 570 AD. The first monks to occupy the monastery were some of the disciples of Anthony the Great after they knew the story of Paul the Anchorite it might have been occupied by Melkites for a short period, but they were followed by Egyptian again and Syrian monks. The Syrians may have had a sustained existence at the monastery, for it appears that they also occupied the monastery during the first half of the fifteenth century, after which their presence disappeared. According to an isolated Ethiopian reference, the 70th Coptic Orthodox Pope, Gabriel II (1131–45 AD), was banished to the monastery of Saint Paul the Anchorite for three years.

Like most of Egypt's monasteries, this one suffered repeatedly at the hands of Bedouin tribes. The most destructive of their raids was in 1484 AD, when many of the monastery's monks were killed and the library was put to the torch. The monastery was later rebuilt under the patronage of Pope Gabriel VII of Alexandria (1526–69 AD), who sent ten monks from the Syrian Monastery to populate the monastery of Saint Paul the Anchorite. During the second half of the sixteenth century, the monastery was again attacked and ransacked twice by the Bedouins, forcing the monks to finally leave. The monastery remained deserted for the following 119 years, only to be repopulated by a group of monks from the Monastery of Saint Anthony under the patronage of Pope John XVI of Alexandria (1676–1718 AD), who promoted an extensive reconstruction of the monastery in 1701 AD.","2026-05-10 15:33:14"
24,"Coptic Museum","The Coptic Museum houses the largest collection of Coptic artifacts in the world and was inaugurated in 1910. The museum was established through the efforts of Marcus Simaika Pasha, a prominent Coptic figure who was vested in the preservation of Coptic heritage. Simaika Pasha bought and collected Coptic antiquities and various architectural elements from older churches that were undergoing renovation, and used them to built the museum and establish its collection.

The collection represents Coptic history from its earliest beginnings in Egypt through to its rise as a leading center of Christianity in the world. Coptic Christianity traces its origins to a visit by Saint Mark in the city of Alexandria in the 1st Century A.D. The artifacts on display in the museum show the merge of Coptic art with the prevailing cultures including Pharaonic, Greek, Roman, Byzantine and Ottoman, and its evolution in developing its own character and identity.

Magnificently decorated manuscripts, icons, delicately carved woodwork and elaborate frescos with religious scenes recovered from ancient monasteries and churches are among its extensive collection.","2026-05-10 15:34:11"
25,"Pompey's Pillar","Pompey's Pillar Alexandria
is a Roman triumphal column in the city of Alexandria, Egypt. It is the largest of its type. In fact, it constructed outside of the imperial capitals of Rome and Constantinople. Pompey’s Pillar Alexandria is the only which known free-standing column in Roman Egypt. Moreover, it not composed of drums. It indeed is one of the largest ancient monoliths. Moreover, it is also one of the largest monolithic columns which ever erected. The monolithic column shaft measures 20.46 m in height with a diameter of 2.71 m at its base. The weight of the single piece of red Aswan granite estimated at 285 ton. Pompey’s Pillar Alexandria is 26.85 m high including its base and capital . Other authors give slightly deviating dimensions. It dates back to the time of Pompey. The Corinthian column actually built in 297 AC. It commemorate the victory of Roman emperor Diocletian over an Alexandrian revolt. The Emperor Diocletian erected this memorial column. Pompey’s Pillar Alexandria erected in honor of the Roman Emperor, as a sign of gratitude. A serious revolt in the city took place. Diocletian came himself, ordering the city to besieged. After 8 months of resistance, the city finally surrendered. As a result of the siege, there was famine in the city. The Emperor ordered that a part of the corn, which sent to Rome, given to the people of Alexandria. He exempted them from paying taxes during these hard times. For that they erected, in his honor the Pompey’s Pillar Alexandria .


Further details about Pompey’s Pillar Alexandria : Crusaders believed, that ashes of the great Pompey were in a pot at the top of the column. It was in the middle ages the. In fact, it was a mistake. Thus today it called “Pompey’s Pillar”. Around the commemorative Column of Diocletian there are some monuments that can seen. On the backside, there is the remains of a Serapium, or a temple of the God Serapis. It now damaged. In fact, it built during the reigns of Ptolemy II and Ptolemy III. It damaged due to the revolts of the Jewish population in Alexandria. In fact, it was during the reign of the Emperor Trajan (89-118 A.C). Moreover, it rebuilt again during the reign of Hadrian (117-137 AC). It likely destroyed, once more, after the appearance of Christianity. Furthermore, it consisted of a high platform accessed by a staircase of 100 steps . At the side of the platform there was a basin, which used for purification. There were 2 galleries at the back of the temple. In fact, they completely cut into the rock. In the 1st gallery a black statue of basalt, dates back to the reign of Hadrian discovered. It represents the God Serapis, in a shape of a bull. It now exhibited in the Graeco – Roman Museum in Alexandria. The second gallery known mistakenly as the Daughter Library. It seems that it was an Anubidiun, or a burial for the mummies of Anubis. It considered until the a reign of Ptolemy IV, a member of the Pantheon of Alexandria.","2026-05-10 15:36:05"
26,"Alexandria Amphitheatre","Roman Amphitheater
The Roman Amphitheater Alexandria is one of the most popular monuments in Alexandria City . Alexandria is the second most important city in Egypt after Cairo . Amphitheaters quite spread during the reign of the Romans. They were in different countries like Greece, Italy, and Turkey. They are present in many regions around Europe and the Middle East. Roman Amphitheater Alexandria is the only one of its type in Egypt . The word “Kom El Dekka” in Arabic, means the hill of rubble or the hill of the benches. It named when a famous historian, El Neweiry, passed by this area in the beginning of the 20th century . El Neweiry saw the many piles of rubble and sand. The formed due to the digging of the Mahmoudeyya Canal at the end of the 19th century. The canal linked Alexandria to the Nile River. These piles looked exactly like some huge benches. El Neweiry was the one who gave the area its recent famous name. The Roman Amphitheater Alexandria indeed is one of the most important Roman architectural achievements in Egypt . It was by mere coincidence in 1960. The workers went to remove a pile of dust and sand in 1960. It was to clear the land and construct a governmental building. They found some solid iron columns while digging into the ground .The Roman Amphitheater Alexandria is one of the most popular monuments in Alexandria City . Alexandria is the second most important city in Egypt after Cairo . Amphitheaters quite spread during the reign of the Romans. They were in different countries like Greece, Italy, and Turkey. They are present in many regions around Europe and the Middle East. Roman Amphitheater Alexandria is the only one of its type in Egypt . The word “Kom El Dekka” in Arabic, means the hill of rubble or the hill of the benches. It named when a famous historian, El Neweiry, passed by this area in the beginning of the 20th century . El Neweiry saw the many piles of rubble and sand. The formed due to the digging of the Mahmoudeyya Canal at the end of the 19th century. The canal linked Alexandria to the Nile River. These piles looked exactly like some huge benches. El Neweiry was the one who gave the area its recent famous name. The Roman Amphitheater Alexandria indeed is one of the most important Roman architectural achievements in Egypt . It was by mere coincidence in 1960. The workers went to remove a pile of dust and sand in 1960. It was to clear the land and construct a governmental building. They found some solid iron columns while digging into the ground .


Further details about The Roman Amphitheater Alexandria : The excavation work began in the location of Kom El Dekka. It carried out by the Graeco Roman Museum . Polish Excavation Mission in Egypt sponsored by the University of Warsaw. Excavation works revealed one of the most important discoveries in Egypt . The Roman Amphitheater Alexandria stayed in service and used to host different artistic events. It is like musical concerts and different sorts of events up till the seventh century. This fact proven due to the architectural elements present in the theater. It showed that it used during three different periods. They Roman, Byzantine and the Early Islamic era. The Roman Amphitheater Alexandria used in several purposes. It was during its long history and passing by different periods of time. It used as an odium where musical shows performed during the Roman period .The theater, at the time, had all the elements to host perfect performance. It was like the dome that once stood over the stage and the section of the orchestra. In the Byzantine era, it used as a conference hall.

It was where important meetings like public assemblies and governmental summits take place. The Roman Amphitheater Alexandria neglected during the early Islamic period and onward. In fact, it was until discovered during the middle of the 20th century. It became one of the most marvelous historical sites of the city of Alexandria. The Roman Amphitheater which we see today constructed in the 4th century AC. It was a common feature of the Graeco Roman period. Amphitheaters were special roofed theaters. They built to host music ceremonies and poet competitions during the reign of the Romans in Egypt . More details about The Roman Amphitheater Alexandria : The Roman Amphitheater Alexandria featured with its marble audiences section. It is symmetrical with extended wing. In fact, it hosted up 600 spectators. The audience section of the Roman Amphitheater has a diameter of about 33 meters. It consists of 13 rows. They made of European white marble. The uppermost part was a portico which made out of Granite columns. Granite columns brought from Aswan and some of them are still standing until today.

The thirteen rows of the Roman Amphitheater Alexandria numbered. They numbered with Roman digits and letters. It was to regulate the seating of the audience in different occasions . There were also five compartments. They constructed at the top of the audience section. They used to host important figures and wealthy tradesmen during performances. These compartments used to have ceilings with domes. Domes based upon large columns made of granite to protect the audience from the sun and the rain. The domes used to magnify the sound of the music and the chants during different performances. All these structures destroyed during an earthquake. It hit Alexandria in the 6th century AD. It resulted in the damage of many important structures at the time. They are like the famous Pharaohs Light House. Pharaohs Light House once stood in the position of the Qaitbey Fort nowadays . Further details about The Roman Amphitheater Alexandria :The steps and the rows of the Roman Amphitheater based upon a thick white limestone wall. Another wall surrounds it as well. These two walls connected together through many arches. They are where the outer wall function to support the inner wall. It was a common feature of the Roman architecture from the 2nd to the 4th century. In the middle of the structure, there is the section of the orchestra. It is where the musical performances used to take place. This section supported with two large marble columns. It has some of the finest Roman mosaics on its floor . Contemporary researches that made some comparisons between the Roman Amphitheater Alexandria and others. The others are similar structures which discovered in Italy, Greece and Garash Theater in Tunisia. They have concluded many interesting facts. One fact is that Roman Amphitheater Alexandria not constructed to be a theater. It was not a theater for hosting performances and artistic events. In fact, it designed for meetings of important figures and officials. It was maybe for private performances which has a limited number of audience.","2026-05-10 15:36:59"
27,"Suez Canal Museum","The idea for the National Museum of Suez was conceived after the collapse of the older museum during the war in 1967. Its collection was moved to the storage rooms of the Egyptian Museum, on Tahrir Square. The Suez National Museum was established to serve as a cultural beacon and a touristic landmark shedding light on the history of the Suez Canal, which connects the Red Sea and the Mediterranean Sea. The museum gives an account of the history of the city of Suez and its antiquities from prehistory to the modern era,The museum was opened on a trial basis in January 2012, but was not officially opened to the public due to the security conditions at that time. It was officially opened to receive visitors on September 29, 2014.

The museum consists of two floors separated by an open exhibition hall that displays different styles of Greek, Roman and Islamic archaeological columns.

The museum sheds light on the digging of the Suez Canal as well as other canals and their role in sea trade, such as the ""Canal of the Pharaohs"" dug by Nekau II. It also highlights the spheres of mining and shipbuilding, Egypt’s commercial relationships, and the important part that Suez plays in the hajj (pilgrimage to Mecca). In addition to this is the mummification hall is one of the most important halls of the museum, as it simulates the cemetery from the inside and contains a complete depiction of the mummification process, including mummification tools, votive plaques, offering tables, and a group of colored coffins, in addition to a mummy of a priest with a magic spell.

One of the most prominent objects is a statue of King Senwosret III dating to the Middle Kingdom (Twelfth Dynasty). The museum also includes a stela of the Persian king Darius I, one of four that he set up along the canal connecting the Nile with the Red Sea in commemoration of its excavation.

The museum also includes a library and an activities centre where different educational programs and events are held. The museum’s garden contains a modern replica of a ship from the reign of Hatshepsut (The New Kingdom,18th Dynasty​​) of the type that she used to send on trading expeditions to faraway lands.","2026-05-10 15:42:06"
28,"National Museum of Egyptian Civilization","The NMEC is the first of its kind in Egypt and the Arab world. It presents the full range of the richness and diversity of Egyptian civilization throughout the ages, from prehistoric times to the present day by focusing on its continuity and stability as demonstrated by its tangible and intangible heritage. The museum’s exceptional collection includes the royal mummies, which are exhibited in a new interactive display using 21st century cutting-edge technology to go beneath the wrappings and reveal their secrets, in addition to shedding light on the rituals and religious beliefs surrounding mummification in ancient Egypt.","2026-05-10 15:43:01"
29,"Grand Egyptian Museum","The Grand Egyptian Museum is a national archaeological museum in Giza, Egypt. Dedicated to Ancient Egypt and its culture, society, and artifacts, the GEM is the largest museum in the world for a single civilization.[3][4]

Located about 2 kilometres (1.2 mi) from the Giza Pyramid Complex, the museum houses a collection of Egyptian artifacts from various periods of Egyptian civilization, from the Predynastic Period to Roman Egypt. There are an estimated total of over 100,000 artifacts,[5] including at least 20,000 that were displayed for the first time ever, such as the complete King Tutankhamun collection comprising 5,398 pieces, on display in a 7,500 m2 (81,000 ft2) section of the museum.[6][7] Some newly-restored pieces will be displayed for the first time, such as the second solar ship of Khufu,[8] the collection of Queen Hetepheres (mother of King Khufu),[9] and the collection of Yuya and Thuya (parents of Queen Tiye).

The museum covers a total area of 500,000 m2 (5,400,000 ft2),[10][11] with a built-up area of 167,000 m2 (1,800,000 ft2)[12] and floor area of 81,000 m2 (870,000 ft2).[13] It will also host permanent exhibition galleries, temporary exhibitions, special exhibitions, a children's museum, and virtual and large-format screens with a total floor area of 32,000 m2 (340,000 ft2). The GEM was first announced in 1992,[3] actual construction began in 2005,[14] and it was fully completed in 2023[15] at a cost of $1.2 billion.[16] Trial opening began in October 2024, and the official opening took place on 1 November 2025.[17] The museum was built by a joint venture of Egyptian Orascom Construction and the Belgian BESIX Group","2026-05-10 15:45:02"
